"Provincia","Municipio","Direccion","RazonSocial","PuntosToma","NivelTension","Distribuidora"
"SEVILLA","Aguadulce","AUTOVIA A-92 ,KM 98","TESLA SPAIN SLU","8","480","ENDESA DISTRIBUCION ELECTRICA, S.L."
"BIZKAIA","Abadiño","BARRIO MURUETA ,S/N","IBIL Gestor de Carga del Vehículo Eléctrico, S.A.","2","400","IBERDROLA DISTRIBUCION ELECTRICA, S.A."
"BADAJOZ","Albuera (La)","AVENIDA DE EXTREMADURA ,44","SFERAONE SOLUTIONS Y SERVICES SL","1","230","ENDESA DISTRIBUCION ELECTRICA, S.L."
"MADRID","Alcobendas","CALLE VALPORTILLA II ,8","Acciona Eficiencia Energética, S.L.","1","230","IBERDROLA DISTRIBUCION ELECTRICA, S.A."
"MADRID","Alcobendas","CALLE ANABEL SEGURA (DE) ,11","IBERDROLA CLIENTES SOCIEDAD ANONIMA","28","400","IBERDROLA DISTRIBUCION ELECTRICA, S.A."
"MADRID","Alcorcón","CALLE VEREDA DE LOS BARROS ,28","JOHNSTON VENTURES SL","1","400","IBERDROLA DISTRIBUCION ELECTRICA, S.A."
"CÁDIZ","Barrios (Los)","URBANIZACIÓN GUADACORTE ,CC BAHA CENTRO ","PAGA MENOS LUZ SL","1","10","ENDESA DISTRIBUCION ELECTRICA, S.L."
"CANTABRIA","Astillero (El)","BARRIO BOO, CALLE BOO ,52","ESTACION DE SERVICIO BOO G2 S.L","1","400","E.ON DISTRIBUCION, S.L."
"CANTABRIA","Bárcena de Cicero","AUTOVIA A8 ,182","IBIL Gestor de Carga del Vehículo Eléctrico, S.A.","1","400","E.ON DISTRIBUCION, S.L."
"BALEARS, ILLES","Calvià","CARRETERA ANDRATX ,12-12,4","Endesa Energía S.A.U.","1","400","ENDESA DISTRIBUCION ELECTRICA, S.L."
"BALEARS, ILLES","Campanet","CARRETERA PALMA-ALCUDIA ,36,8","Endesa Energía S.A.U.","1","400","ENDESA DISTRIBUCION ELECTRICA, S.L."
"ASTURIAS","Cangas de Onís","CALLE PICOS DE EUROPA ,S/N","EDP COMERCIALIZADORA, S.A.","1","400","HIDROCANTABRICO DISTRIBUCION ELECTRICA, S.A."
"CANTABRIA","Cabezón de la Sal","BARRIO CABROJO S/N ,0","AREA DE SERVICIO VIRGEN DE LA PEÑA S.L","1","400","E.ON DISTRIBUCION, S.L."
"BALEARS, ILLES","Campos","CAMINO DE CIUTAT VELL ,S/N","Endesa Energía S.A.U.","1","400","ENDESA DISTRIBUCION ELECTRICA, S.L."
"BIZKAIA","Barakaldo","AVENIDA DE LA RIBERA ,1","IBIL Gestor de Carga del Vehículo Eléctrico, S.A.","2","400","IBERDROLA DISTRIBUCION ELECTRICA, S.A."
"BIZKAIA","Barakaldo","CALLE LA INMACULADA ,1","IBIL Gestor de Carga del Vehículo Eléctrico, S.A.","6","230","IBERDROLA DISTRIBUCION ELECTRICA, S.A."
"BIZKAIA","Barakaldo","CALLE RONDA DE AZKUE ,1","IBIL Gestor de Carga del Vehículo Eléctrico, S.A.","2","400","IBERDROLA DISTRIBUCION ELECTRICA, S.A."
"BIZKAIA","Barakaldo","AVENIDA LA RIBERA  ,S/N","IBIL Gestor de Carga del Vehículo Eléctrico, S.A.","2","400230","IBERDROLA DISTRIBUCION ELECTRICA, S.A."
"ALICANTE/ALACANT","Alicante/Alacant","CARRETERA AGOST-URBS ,9","MARE NOSTRUM OIL MANAGEMENT S.L.U.","1","400","IBERDROLA DISTRIBUCION ELECTRICA, S.A."
"ALICANTE/ALACANT","Alicante/Alacant","AVENIDA MAISONNAVE ,53","SABA APARCAMIENTOS S.A.","4","400","IBERDROLA DISTRIBUCION ELECTRICA, S.A."
"CÁDIZ","Conil de la Frontera","CARRETERA NACIONAL 340 ,17","ENSE CONIL S.L.","1","400","ENDESA DISTRIBUCION ELECTRICA, S.L."
"BADAJOZ","Badajoz","POLIGONO NEVERO EL ,18","Sol Ardila S.L.","1","220V","ENDESA"
"BARCELONA","Badalona","PLAZA PLANA ,1","SABA APARCAMIENTOS S.A.","4","400","ENDESA DISTRIBUCION ELECTRICA, S.L."
"GIRONA","Banyoles","PASSEIG MOSSEN LLUIS CONSTANS ,1B","AGRI-ENERGIA S.A.","2","400","AGRI ENERGIA ELECTRICA, S.A."
"CIUDAD REAL","Almuradiel","CARRETERA A-4 ,243","SFERAONE SOLUTIONS Y SERVICES SL","1","15000","UNION FENOSA DISTRIBUCION, S.A."
"PALMAS, LAS","Palmas de Gran Canaria (Las)","CALLE JUAN DE QUESADA ,9","IBERDROLA CLIENTES SOCIEDAD ANONIMA","4","400","ENDESA DISTRIBUCION ELECTRICA, S.L."
"GIPUZKOA","Azkoitia","BARRIO UROLA, POI. BASTERRETXE ,S/N","IBIL Gestor de Carga del Vehículo Eléctrico, S.A.","2","400230","IBERDROLA DISTRIBUCION ELECTRICA, S.A."
"HUELVA","Calañas","BARRIADA VIRGEN DE ESPAÑA ,S/N","SFERAONE SOLUTIONS Y SERVICES SL","1","230","ENDESA DISTRIBUCION ELECTRICA, S.L."
"GIPUZKOA","Azpeitia","PLAZA AZPEITIKO PLAZA NAGUSIA ,AZOKA PLAZAREN ","IBIL Gestor de Carga del Vehículo Eléctrico, S.A.","1","220","IBERDROLA DISTRIBUCION ELECTRICA, S.A."
"BARCELONA","Barcelona","CALLE LOPE DE VEGA ,125","Endesa Energía S.A.U.","1","400","ENDESA DISTRIBUCION ELECTRICA, S.L."
"BARCELONA","Barcelona","PLAZA MARAGALL ,S/N","REGESA APARCAMENTS I SERVEIS, S.A.","4","230400","ENDESA DISTRIBUCION ELECTRICA, S.L."
"BARCELONA","Barcelona","CALLE MIQUEL FERRA ,S/N","REGESA APARCAMENTS I SERVEIS, S.A.","4","230400","ENDESA DISTRIBUCION ELECTRICA, S.L."
"BARCELONA","Barcelona","PLAZA FERRAN REYES ,S/N","REGESA APARCAMENTS I SERVEIS, S.A.","4","230400","ENDESA DISTRIBUCION ELECTRICA, S.L."
"BARCELONA","Barcelona","PLAZA WAGNER ,S/N","REGESA APARCAMENTS I SERVEIS, S.A.","4","230400","ENDESA DISTRIBUCION ELECTRICA, S.L."
"BARCELONA","Barcelona","PASEO DEL TAULAT ,262","HILTON OF SPAIN SL","2","230","ENDESA DISTRIBUCION ELECTRICA, S.L."
"BARCELONA","Barcelona","CALLE SABINO ARANA ,22","SABA APARCAMIENTOS S.A.","4","400","ENDESA DISTRIBUCION ELECTRICA, S.L."
"BARCELONA","Barcelona","CALLE TRAVESSERA DE GRACIA ,43","SABA APARCAMIENTOS S.A.","4","400","ENDESA DISTRIBUCION ELECTRICA, S.L."
"BARCELONA","Barcelona","CALLE TRAVESSERA DE GRACIA ,17","SABA APARCAMIENTOS S.A.","4","400","ENDESA DISTRIBUCION ELECTRICA, S.L."
"BARCELONA","Barcelona","AVENIDA PARALLEL ,55","IBERDROLA CLIENTES SOCIEDAD ANONIMA","4","400","ENDESA DISTRIBUCION ELECTRICA, S.L."
"BARCELONA","Barcelona","PASSEIG GRACIA ,112","SABA APARCAMIENTOS S.A.","4","400","ENDESA DISTRIBUCION ELECTRICA, S.L."
"BARCELONA","Barcelona","PASSEIG GRACIA ,42","SABA APARCAMIENTOS S.A.","4","400","ENDESA DISTRIBUCION ELECTRICA, S.L."
"BARCELONA","Barcelona","PLAZA TRAVESSERA DE GRACIA ,12","SABA APARCAMIENTOS S.A.","4","400","ENDESA DISTRIBUCION ELECTRICA, S.L."
"BARCELONA","Barcelona","AVENIDA CATEDRAL ,1","SABA APARCAMIENTOS S.A.","4","400","ENDESA DISTRIBUCION ELECTRICA, S.L."
"BARCELONA","Barcelona","CALLE MAISONNAVE ,174","SABA APARCAMIENTOS S.A.","4","400","ENDESA DISTRIBUCION ELECTRICA, S.L."
"BARCELONA","Barcelona","CALLE MALLORCA ,12","BARCELONA DE SERVEIS MUNICIPALS, SA","2","230","ENDESA DISTRIBUCION ELECTRICA, S.L."
"BARCELONA","Barcelona","AVENIDA RASOS DE PEGUERA ,51","BARCELONA DE SERVEIS MUNICIPALS, SA","3","230","ENDESA DISTRIBUCION ELECTRICA, S.L."
"BARCELONA","Barcelona","CALLE HORTAL ,36","BARCELONA DE SERVEIS MUNICIPALS, SA","3","230","ENDESA DISTRIBUCION ELECTRICA, S.L."
"BARCELONA","Barcelona","AVENIDA DIAGONAL ,612","FACTOR ENERGIA SA","1","230","ENDESA DISTRIBUCION ELECTRICA, S.L."
"BARCELONA","Barcelona","PASSEIG JOAN DE BORBÓ ,S/N","EMPARK APARCAMIENTOS Y SERVICIOS SA","8","400","ENDESA DISTRIBUCION ELECTRICA, S.L."
"BARCELONA","Barcelona","AVENIDA DIAGONAL ,687","IBIL Gestor de Carga del Vehículo Eléctrico, S.A.","1","400","ENDESA DISTRIBUCION ELECTRICA, S.L."
"BARCELONA","Barcelona","CALLE FRANÇA XICA ,8","BARCELONA DE SERVEIS MUNICIPALS, SA","11","230","ENDESA DISTRIBUCION ELECTRICA, S.L."
"BARCELONA","Barcelona","TRAVESSERA DALT ,51","BARCELONA DE SERVEIS MUNICIPALS, SA","7","230","ENDESA DISTRIBUCION ELECTRICA, S.L."
"BARCELONA","Barcelona","CALLE TEODOR LLORENTE ,10","BARCELONA DE SERVEIS MUNICIPALS, SA","4","230","ENDESA DISTRIBUCION ELECTRICA, S.L."
"BARCELONA","Barcelona","CALLE HORTAL ,168","BARCELONA DE SERVEIS MUNICIPALS, SA","8","230","ENDESA DISTRIBUCION ELECTRICA, S.L."
"BARCELONA","Barcelona","CALLE HORTAL ,425","BARCELONA DE SERVEIS MUNICIPALS, SA","3","230","ENDESA DISTRIBUCION ELECTRICA, S.L."
"BARCELONA","Barcelona","PASSEIG GARCIA FARIA (DE) ,71","BARCELONA DE SERVEIS MUNICIPALS, SA","4","230","ENDESA DISTRIBUCION ELECTRICA, S.L."
"BARCELONA","Barcelona","VÍA VALL D'HEBRON ,107","BARCELONA DE SERVEIS MUNICIPALS, SA","5","230","ENDESA DISTRIBUCION ELECTRICA, S.L."
"BARCELONA","Barcelona","CALLE FRANÇA XICA ,35","BARCELONA DE SERVEIS MUNICIPALS, SA","6","230","ENDESA DISTRIBUCION ELECTRICA, S.L."
"BARCELONA","Barcelona","CALLE CONCEPCION ARENAL ,156","BARCELONA DE SERVEIS MUNICIPALS, SA","5","230","ENDESA DISTRIBUCION ELECTRICA, S.L."
"BARCELONA","Barcelona","CALLE SALVADOR MUNDI ,17","BARCELONA DE SERVEIS MUNICIPALS, SA","4","230","ENDESA DISTRIBUCION ELECTRICA, S.L."
"BARCELONA","Barcelona","CALLE MONGES ,2","BARCELONA DE SERVEIS MUNICIPALS, SA","7","230","ENDESA DISTRIBUCION ELECTRICA, S.L."
"BARCELONA","Barcelona","RAMBLA POBLENOU ,130","BARCELONA DE SERVEIS MUNICIPALS, SA","5","230","ENDESA DISTRIBUCION ELECTRICA, S.L."
"BARCELONA","Barcelona","CALLE MARQUES DE MULHACEN ,51","BARCELONA DE SERVEIS MUNICIPALS, SA","8","230","ENDESA DISTRIBUCION ELECTRICA, S.L."
"BARCELONA","Barcelona","CALLE JAUME FABRA ,12","BARCELONA DE SERVEIS MUNICIPALS, SA","6","230","ENDESA DISTRIBUCION ELECTRICA, S.L."
"BARCELONA","Barcelona","PASSEIG MARAGALL ,54","BARCELONA DE SERVEIS MUNICIPALS, SA","6","230","ENDESA DISTRIBUCION ELECTRICA, S.L."
"BARCELONA","Barcelona","CARRER ESCORIAL (L') ,1","BARCELONA DE SERVEIS MUNICIPALS, SA","5","230","ENDESA DISTRIBUCION ELECTRICA, S.L."
"BARCELONA","Barcelona","PLAZA BONANOVA ,2","BARCELONA DE SERVEIS MUNICIPALS, SA","6","230","ENDESA DISTRIBUCION ELECTRICA, S.L."
"BARCELONA","Barcelona","PASSEIG MANUEL GIRONA ,77","BARCELONA DE SERVEIS MUNICIPALS, SA","8","230","ENDESA DISTRIBUCION ELECTRICA, S.L."
"BARCELONA","Barcelona","CALLE PADILLA ,159","BARCELONA DE SERVEIS MUNICIPALS, SA","7","230","ENDESA DISTRIBUCION ELECTRICA, S.L."
"BARCELONA","Barcelona","CALLE DOCTOR AIGUADER ,88","BARCELONA DE SERVEIS MUNICIPALS, SA","7","230","ENDESA DISTRIBUCION ELECTRICA, S.L."
"BARCELONA","Barcelona","PLAZA D'ERNEST LLUCH I MARTÍN ,S/N","BARCELONA DE SERVEIS MUNICIPALS, SA","6","230","ENDESA DISTRIBUCION ELECTRICA, S.L."
"BARCELONA","Barcelona","PASSEIG VALL D'HEBRON ,138","BARCELONA DE SERVEIS MUNICIPALS, SA","2","230","ENDESA DISTRIBUCION ELECTRICA, S.L."
"BARCELONA","Barcelona","RONDA GENERAL MITRE ,203","BARCELONA DE SERVEIS MUNICIPALS, SA","4","230","ENDESA DISTRIBUCION ELECTRICA, S.L."
"BARCELONA","Barcelona","CALLE RAMON ALBO ,77","BARCELONA DE SERVEIS MUNICIPALS, SA","6","230","ENDESA DISTRIBUCION ELECTRICA, S.L."
"BARCELONA","Barcelona","CALLE MARINA ,13","BARCELONA DE SERVEIS MUNICIPALS, SA","9","230","ENDESA DISTRIBUCION ELECTRICA, S.L."
"BARCELONA","Barcelona","AVENIDA LITORAL ,34","BARCELONA DE SERVEIS MUNICIPALS, SA","6","230","ENDESA DISTRIBUCION ELECTRICA, S.L."
"BARCELONA","Barcelona","CALLE ALI BEI ,54","BARCELONA DE SERVEIS MUNICIPALS, SA","25","230","ENDESA DISTRIBUCION ELECTRICA, S.L."
"BARCELONA","Barcelona","CALLE FLOS I CALCAT ,2","BARCELONA DE SERVEIS MUNICIPALS, SA","7","230","ENDESA DISTRIBUCION ELECTRICA, S.L."
"BARCELONA","Barcelona","CALLE CIUTAT DE GRANADA ,173","BARCELONA DE SERVEIS MUNICIPALS, SA","6","230","ENDESA DISTRIBUCION ELECTRICA, S.L."
"BARCELONA","Barcelona","CALLE MARINA ,345","BARCELONA DE SERVEIS MUNICIPALS, SA","6","230","ENDESA DISTRIBUCION ELECTRICA, S.L."
"BARCELONA","Barcelona","CALLE GRAN DE GRACIA ,190","BARCELONA DE SERVEIS MUNICIPALS, SA","2","230","ENDESA DISTRIBUCION ELECTRICA, S.L."
"BARCELONA","Barcelona","CALLE CARDENAL SENTMENAT ,37","BARCELONA DE SERVEIS MUNICIPALS, SA","9","230","ENDESA DISTRIBUCION ELECTRICA, S.L."
"BARCELONA","Barcelona","AVENIDA JOAN XXIII ,23","BARCELONA DE SERVEIS MUNICIPALS, SA","5","230","ENDESA DISTRIBUCION ELECTRICA, S.L."
"BARCELONA","Barcelona","CALLE JOSEP BALARI ,9","BARCELONA DE SERVEIS MUNICIPALS, SA","5","230","ENDESA DISTRIBUCION ELECTRICA, S.L."
"BARCELONA","Barcelona","CALLE BILBAO ,29","BARCELONA DE SERVEIS MUNICIPALS, SA","5","230","ENDESA DISTRIBUCION ELECTRICA, S.L."
"BARCELONA","Barcelona","PASSEIG MARITIM BARCELONETA ,23","BARCELONA DE SERVEIS MUNICIPALS, SA","9","230","ENDESA DISTRIBUCION ELECTRICA, S.L."
"BARCELONA","Barcelona","PASEO DE LA ZONA FRANCA ,142-144","SOCIEDAD ESPAÑOLA DE CONSTRUCCIONES ELECTRICAS SA","1","400","ENDESA DISTRIBUCION ELECTRICA, S.L."
"BARCELONA","Barcelona","AVENIDA REINA MARIA CRISTINA ,16","BARCELONA DE SERVEIS MUNICIPALS, SA","32","230","ENDESA DISTRIBUCION ELECTRICA, S.L."
"BARCELONA","Barcelona","CALLE CASTILLEJOS ,328","BARCELONA DE SERVEIS MUNICIPALS, SA","6","230","ENDESA DISTRIBUCION ELECTRICA, S.L."
"BARCELONA","Barcelona","CALLE TORRENT DE L'OLLA ,203","BARCELONA DE SERVEIS MUNICIPALS, SA","7","230","ENDESA DISTRIBUCION ELECTRICA, S.L."
"BARCELONA","Barcelona","PASSEIG COLOM ,1","BARCELONA DE SERVEIS MUNICIPALS, SA","6","230","ENDESA DISTRIBUCION ELECTRICA, S.L."
"HUELVA","Campofrío","AVENIDA CUENCA MINERA ,2","SFERAONE SOLUTIONS Y SERVICES SL","1","230","ENDESA DISTRIBUCION ELECTRICA, S.L."
"ASTURIAS","Colunga","CALLE LAS PALMERAS ,S/N","EDP COMERCIALIZADORA, S.A.","1","230","HIDROCANTABRICO DISTRIBUCION ELECTRICA, S.A."
"TOLEDO","Bargas","CALLE COMERCIO ,5, LOCAL 2","ELECTRYPARK MANAGEMENT SL","1","230","IBERDROLA DISTRIBUCION ELECTRICA, S.A."
"BIZKAIA","Berriz","POLIGONO EITUA INDUSTRIALDEA ,1","IBIL Gestor de Carga del Vehículo Eléctrico, S.A.","2","230","IBERDROLA DISTRIBUCION ELECTRICA, S.A."
"ASTURIAS","Corvera de Asturias","CALLE EDIFICIO COLISEO  ,1","IBIL Gestor de Carga del Vehículo Eléctrico, S.A.","1","230","HIDROCANTABRICO DISTRIBUCION ELECTRICA, S.A."
"CANTABRIA","Castro-Urdiales","AVENIDA CONSTITUCION (LA) ,2","SABA APARCAMIENTOS S.A.","4","400","IBERDROLA DISTRIBUCION ELECTRICA, S.A."
"BIZKAIA","Bilbao","PLAZA INDAUTXU ,2","IBIL Gestor de Carga del Vehículo Eléctrico, S.A.","2","400","IBERDROLA DISTRIBUCION ELECTRICA, S.A."
"BIZKAIA","Bilbao","CARRER BILBAO-GALDAKAO ,20","IBIL Gestor de Carga del Vehículo Eléctrico, S.A.","2","400","IBERDROLA DISTRIBUCION ELECTRICA, S.A."
"BIZKAIA","Bilbao","CALLE PARKING ZABALBURU ,S/N","IBIL Gestor de Carga del Vehículo Eléctrico, S.A.","3","400","IBERDROLA DISTRIBUCION ELECTRICA, S.A."
"BIZKAIA","Bilbao","CALLE PARKING ALHONDIGA ,S/N","IBIL Gestor de Carga del Vehículo Eléctrico, S.A.","6","400","IBERDROLA DISTRIBUCION ELECTRICA, S.A."
"BIZKAIA","Bilbao","CALLE ELORRIETA ,S7N","IBIL Gestor de Carga del Vehículo Eléctrico, S.A.","3","230","IBERDROLA DISTRIBUCION ELECTRICA, S.A."
"BIZKAIA","Bilbao","CALLE PARKING INSTITUTO UNAMUNO   ,S/N","IBIL Gestor de Carga del Vehículo Eléctrico, S.A.","8","230","IBERDROLA DISTRIBUCION ELECTRICA, S.A."
"BIZKAIA","Bilbao","CALLE LEHENDAKARI LEIZAOLA ,5","IBERDROLA CLIENTES SOCIEDAD ANONIMA","3","400","IBERDROLA DISTRIBUCION ELECTRICA, S.A."
"BIZKAIA","Bilbao","CALLE ELCANO ,9","IBERDROLA CLIENTES SOCIEDAD ANONIMA","3","400","IBERDROLA DISTRIBUCION ELECTRICA, S.A."
"BIZKAIA","Bilbao","CALLE GRAN VIA DIEGO LOPEZ DE HARO ,63-65","IBIL Gestor de Carga del Vehículo Eléctrico, S.A.","2","230","IBERDROLA DISTRIBUCION ELECTRICA, S.A."
"BIZKAIA","Bilbao","CALLE PARKING ENSANCHE  ,S/N","IBIL Gestor de Carga del Vehículo Eléctrico, S.A.","6","400","IBERDROLA DISTRIBUCION ELECTRICA, S.A."
"BIZKAIA","Bilbao","CARRETERA LA AVANZADA - LEJONA ,S/N","IBIL Gestor de Carga del Vehículo Eléctrico, S.A.","2","400230","IBERDROLA DISTRIBUCION ELECTRICA, S.A."
"BIZKAIA","Bilbao","CALLE QUINTANA  ,LO","IBIL Gestor de Carga del Vehículo Eléctrico, S.A.","1","230","IBERDROLA DISTRIBUCION ELECTRICA, S.A."
"BIZKAIA","Bilbao","PLAZA EUSKADI ,5","IBERDROLA CLIENTES SOCIEDAD ANONIMA","2","400","IBERDROLA DISTRIBUCION ELECTRICA, S.A."
"BIZKAIA","Bilbao","CAMI MIRAMAR ,60","IBERDROLA CLIENTES SOCIEDAD ANONIMA","2","400","IBERDROLA DISTRIBUCION ELECTRICA, S.A."
"ASTURIAS","Cudillero","CARRETERA CARRETERA NACIONAL 632, KM 7 ,7","EDP COMERCIALIZADORA, S.A.","1","400","HIDROCANTABRICO DISTRIBUCION ELECTRICA, S.A."
"ASTURIAS","Franco (El)","CALLE EL MARÓN,  VALDEPARES  ,S/N","IBIL Gestor de Carga del Vehículo Eléctrico, S.A.","1","230","E.ON DISTRIBUCION, S.L."
"SANTA CRUZ DE TENERIFE","San Cristóbal de La Laguna","CALLE MAZO ,7","FENIE ENERGIA SA","2","230","ENDESA DISTRIBUCION ELECTRICA, S.L."
"SANTA CRUZ DE TENERIFE","San Cristóbal de La Laguna","CALLE TERESA DE CALCUTA ,26","IBERDROLA CLIENTES SOCIEDAD ANONIMA","2","400","ENDESA DISTRIBUCION ELECTRICA, S.L."
"JAÉN","Carolina (La)","CARRETERA NACIONAL IV ,269.20","VALPAWIN CARBURANTES SL","2","400","ENDESA DISTRIBUCION ELECTRICA, S.L."
"ASTURIAS","Gijón","AVENIDA DE LA CONSTITUCIÓN ,220","IBIL Gestor de Carga del Vehículo Eléctrico, S.A.","1","230","HIDROCANTABRICO DISTRIBUCION ELECTRICA, S.A."
"ASTURIAS","Gijón","AVENIDA DE OVIEDO ,176","EDP COMERCIALIZADORA, S.A.","1","400","HIDROCANTABRICO DISTRIBUCION ELECTRICA, S.A."
"ASTURIAS","Gijón","CALLE ALVAREZ GARAYA ,10","EDP COMERCIALIZADORA, S.A.","2","400","HIDROCANTABRICO DISTRIBUCION ELECTRICA, S.A."
"ASTURIAS","Gijón","CALLE ALFREDO TRUAN ,1","EDP COMERCIALIZADORA, S.A.","1","400","HIDROCANTABRICO DISTRIBUCION ELECTRICA, S.A."
"ASTURIAS","Gijón","PLAZA SAN MIGUEL ,1","EDP COMERCIALIZADORA, S.A.","1","400","HIDROCANTABRICO DISTRIBUCION ELECTRICA, S.A."
"ASTURIAS","Gijón","CALLE AVELINO GONZÁLEZ MALLADA ,27","EDP COMERCIALIZADORA, S.A.","1","400","HIDROCANTABRICO DISTRIBUCION ELECTRICA, S.A."
"ASTURIAS","Gijón","CALLE PEDRO PUIG ADAM ,S/N","EDP COMERCIALIZADORA, S.A.","2","400","HIDROCANTABRICO DISTRIBUCION ELECTRICA, S.A."
"ASTURIAS","Gijón","CALLE JUAN ALVARGONZÁLEZ ,41","EDP COMERCIALIZADORA, S.A.","1","230","HIDROCANTABRICO DISTRIBUCION ELECTRICA, S.A."
"ASTURIAS","Gijón","AVENIDA TORCUATO FERNÁNDEZ MIRANDA ,2","EDP COMERCIALIZADORA, S.A.","1","230","HIDROCANTABRICO DISTRIBUCION ELECTRICA, S.A."
"ASTURIAS","Gijón","AVENIDA DEL LLANO ,19","EDP COMERCIALIZADORA, S.A.","1","230","HIDROCANTABRICO DISTRIBUCION ELECTRICA, S.A."
"ASTURIAS","Gijón","CALLE ORIENTAL ,11","EDP COMERCIALIZADORA, S.A.","1","230","HIDROCANTABRICO DISTRIBUCION ELECTRICA, S.A."
"ASTURIAS","Gijón","CALLE CARLOS MARX ,1","EDP COMERCIALIZADORA, S.A.","1","230","HIDROCANTABRICO DISTRIBUCION ELECTRICA, S.A."
"ASTURIAS","Gijón","CARRETERA CEARES A CASTIELLO ,118","EDP COMERCIALIZADORA, S.A.","2","400","HIDROCANTABRICO DISTRIBUCION ELECTRICA, S.A."
"ASTURIAS","Grado","AVENIDA DE LOS DEPORTES ,1","EDP COMERCIALIZADORA, S.A.","1","230","HIDROCANTABRICO DISTRIBUCION ELECTRICA, S.A."
"ASTURIAS","Grado","CALLE ASTURIAS ,1","EDP COMERCIALIZADORA, S.A.","1","230","HIDROCANTABRICO DISTRIBUCION ELECTRICA, S.A."
"CÁDIZ","Puerto de Santa María (El)","AVENIDA FUENTE BRAVÍA, CRTA. PTO. SANTA MARÍA -ROTA  ,1","IBIL Gestor de Carga del Vehículo Eléctrico, S.A.","1","400230","ENDESA DISTRIBUCION ELECTRICA, S.L."
"PONTEVEDRA","Meis","CALLE ?ARMENTEIRA-SAN MARTIÑO  ,S/N","IBIL Gestor de Carga del Vehículo Eléctrico, S.A.","1","230","UNION FENOSA DISTRIBUCION, S.A."
"CORUÑA, A","Coruña (A)","CALLE PLAZA ,4","GAS NATURAL SERVICIOS SDG, S.A.","4","230","UNION FENOSA DISTRIBUCION, S.A."
"CORUÑA, A","Coruña (A)","CARRETERA CIRCUNVALACION ,1-15","GAS NATURAL SERVICIOS SDG, S.A.","5","230","UNION FENOSA DISTRIBUCION, S.A."
"CORUÑA, A","Coruña (A)","CALLE ENRIQUE MARIÑAS ROMERO PERIODI ,9","GAS NATURAL SERVICIOS SDG, S.A.","4","230","UNION FENOSA DISTRIBUCION, S.A."
"CORUÑA, A","Coruña (A)","CALLE TORRE ,60","GAS NATURAL SERVICIOS SDG, S.A.","3","230","UNION FENOSA DISTRIBUCION, S.A."
"CORUÑA, A","Coruña (A)","AVENIDA ALCALDE ALFONSO MOLINA ,1","GAS NATURAL SERVICIOS SDG, S.A.","5","230","UNION FENOSA DISTRIBUCION, S.A."
"CORUÑA, A","Coruña (A)","CALLE GALILEO GALILEI ,1","GAS NATURAL SERVICIOS SDG, S.A.","5","230","UNION FENOSA DISTRIBUCION, S.A."
"CORUÑA, A","Coruña (A)","CUESTA PALLOZA ,5","GAS NATURAL SERVICIOS SDG, S.A.","4","230","UNION FENOSA DISTRIBUCION, S.A."
"CORUÑA, A","Coruña (A)","PLAZA PONTEVEDRA ,S/N","SABA APARCAMIENTOS S.A.","4","400","UNION FENOSA DISTRIBUCION, S.A."
"GIPUZKOA","Eibar","AVENIDA OTAOLA ,5","IBIL Gestor de Carga del Vehículo Eléctrico, S.A.","2","400230","IBERDROLA DISTRIBUCION ELECTRICA, S.A."
"MURCIA","Murcia","AUTOVIA A-7 ,760","TESLA MOTORS NETHERLANDS BV","6","480","IBERDROLA DISTRIBUCION ELECTRICA, S.A."
"MURCIA","Murcia","CARRETERA CARRETERA ESPINARDO ,S/N","IBIL Gestor de Carga del Vehículo Eléctrico, S.A.","1","400230","IBERDROLA DISTRIBUCION ELECTRICA, S.A."
"PALMAS, LAS","Valsequillo de Gran Canaria","AVENIDA SAN NOGUERO ,A71","IBIL Gestor de Carga del Vehículo Eléctrico, S.A.","2","400","ENDESA DISTRIBUCION ELECTRICA, S.L."
"GIPUZKOA","Elgoibar","CALLE AUTONOMIA ,8","IBIL Gestor de Carga del Vehículo Eléctrico, S.A.","2","400","IBERDROLA DISTRIBUCION ELECTRICA, S.A."
"GIPUZKOA","Elgoibar","PLAZA UBITARTE ,S/N","IBIL Gestor de Carga del Vehículo Eléctrico, S.A.","3","400","IBERDROLA DISTRIBUCION ELECTRICA, S.A."
"ASTURIAS","Laviana","POLIGONO POLIGONO EL SOTO ,S/N","EDP COMERCIALIZADORA, S.A.","1","400","HIDROCANTABRICO DISTRIBUCION ELECTRICA, S.A."
"BALEARS, ILLES","Manacor","VÍA PALMA ,87","Endesa Energía S.A.U.","1","400","ENDESA DISTRIBUCION ELECTRICA, S.L."
"GIRONA","Caldes de Malavella","CARRETERA N-II ,701","TESLA SPAIN SLU","10","480","ENDESA DISTRIBUCION ELECTRICA, S.L."
"ZARAGOZA","Ariza","CARRETERA DE MADRID ,S/N","TESLA MOTORS NETHERLANDS BV","6","480","ENDESA DISTRIBUCION ELECTRICA, S.L."
"ALBACETE","Gineta (La)","AUTOVIA A-31 ,KM 52","TESLA MOTORS NETHERLANDS BV","8","480","IBERDROLA DISTRIBUCION ELECTRICA, S.A."
"ASTURIAS","Llanera","POLIGONO POLIGONO SILVOTA CALLE PEÑA SANTA ,S/N","EDP COMERCIALIZADORA, S.A.","2","230","HIDROCANTABRICO DISTRIBUCION ELECTRICA, S.A."
"ASTURIAS","Llanera","POLIGONO POLIGONO SILVOTA CALLE PEÑA REDONDA ,S/N","EDP COMERCIALIZADORA, S.A.","1","230","HIDROCANTABRICO DISTRIBUCION ELECTRICA, S.A."
"ASTURIAS","Llanera","CALLE SEVERO OCHOA ,13","EDP COMERCIALIZADORA, S.A.","1","230","HIDROCANTABRICO DISTRIBUCION ELECTRICA, S.A."
"ASTURIAS","Llanera","POLIGONO PARQUE TECNOLOGICO ,PARCELA 43","EDP COMERCIALIZADORA, S.A.","1","230","HIDROCANTABRICO DISTRIBUCION ELECTRICA, S.A."
"ASTURIAS","Llanera","AVENIDA PRUDENCIO GONZALEZ ,2","EDP COMERCIALIZADORA, S.A.","1","230","HIDROCANTABRICO DISTRIBUCION ELECTRICA, S.A."
"BALEARS, ILLES","Marratxí","CALLE SIURELLS ,1","IBERDROLA CLIENTES SOCIEDAD ANONIMA","2","400","ENDESA DISTRIBUCION ELECTRICA, S.L."
"GIPUZKOA","Hondarribia","CALLE MINASOROETA KALEA ,S/N","IBIL Gestor de Carga del Vehículo Eléctrico, S.A.","2","400","IBERDROLA DISTRIBUCION ELECTRICA, S.A."
"GIPUZKOA","Hondarribia","CALLE JAITZUBIA AUZOA ,154","IBIL Gestor de Carga del Vehículo Eléctrico, S.A.","1","230","IBERDROLA DISTRIBUCION ELECTRICA, S.A."
"RIOJA, LA","Calahorra","CALLE BEBRICIO ,71","IBERDROLA CLIENTES SOCIEDAD ANONIMA","3","400","IBERDROLA DISTRIBUCION ELECTRICA, S.A."
"ASTURIAS","Mieres","CALLE GONZALO GUTIERREZ QUIROS ,S/N","EDP COMERCIALIZADORA, S.A.","3","400","E.ON DISTRIBUCION, S.L."
"ASTURIAS","Mieres","CALLE GONZALO GUTIERREZ QUIROS ,S/N","EDP COMERCIALIZADORA, S.A.","2","400","E.ON DISTRIBUCION, S.L."
"SANTA CRUZ DE TENERIFE","Santa Cruz de Tenerife","CALLE LOS MOLINOS ,9","INGJF 2017 SL","1","230 ","ENDESA DISTRIBUCION ELECTRICA, S.L."
"SANTA CRUZ DE TENERIFE","Santa Cruz de Tenerife","CALLE EDUARDO WESTERDAHL ,2","FENIE ENERGIA SA","1","230","ENDESA DISTRIBUCION ELECTRICA, S.L."
"SANTA CRUZ DE TENERIFE","Santa Cruz de Tenerife","CALLE LAURA GROTE DE LA PUERTA ,5","IBERDROLA CLIENTES SOCIEDAD ANONIMA","3","400","ENDESA DISTRIBUCION ELECTRICA, S.L."
"TARRAGONA","Cambrils","CARRETERA CAMÍ VELL DE MONTBRIÓ DEL CAMP A CAMBRILS ,KM. 2,2","GONE RENOVABLES SL","1","127","ASCOL ENERGIA"
"JAÉN","Guarromán","AVENIDA LINARES ,28","TESLA SPAIN SLU","10","480","Endesa Distribución"
"BIZKAIA","Garay","CALLE MARTXOAREN ZORTZIKO ,6, 5A, PLAZA 24","IBIL Gestor de Carga del Vehículo Eléctrico, S.A.","1","230","IBERDROLA DISTRIBUCION ELECTRICA, S.A."
"BALEARS, ILLES","Palma","CAMINO CAN PASTILLA ,1","Endesa Energía S.A.U.","1","220","ENDESA DISTRIBUCION ELECTRICA, S.L."
"BALEARS, ILLES","Palma","CALLE MIKEL FARADAY ,1","SAMPOL INGENIERIA Y OBRAS","1","15000",""
"BALEARS, ILLES","Palma","CAMINO FONDO ,S/N","Endesa Energía S.A.U.","1","400","ENDESA DISTRIBUCION ELECTRICA, S.L."
"HUELVA","Huelva","CARRETERA SEVILLA-TARTESSOS ,27","IBERDROLA CLIENTES SOCIEDAD ANONIMA","3","400","ENDESA DISTRIBUCION ELECTRICA, S.L."
"ASTURIAS","Noreña","CALLE REGINO ESCALERA ,1","EDP COMERCIALIZADORA, S.A.","1","230","HIDROCANTABRICO DISTRIBUCION ELECTRICA, S.A."
"GIPUZKOA","Irun","CALLE POTZUETAKOGAINA KALEA ,19 , BAJO , 3","IBIL Gestor de Carga del Vehículo Eléctrico, S.A.","1","400","IBERDROLA DISTRIBUCION ELECTRICA, S.A."
"ASTURIAS","Peñamellera Alta","BARRIO BARRIO LLOMBERO ,S/N","EDP COMERCIALIZADORA, S.A.","1","230","HIDROCANTABRICO DISTRIBUCION ELECTRICA, S.A."
"ARABA/ÁLAVA","Ribera Baja/Erribera Beitia","AVENIDA ALAVA ,2","TESLA SPAIN SLU","8","480","IBERDROLA DISTRIBUCION ELECTRICA, S.A."
"GIPUZKOA","Legazpi","CALLE LANAREN HIRIBIDEA ,5","IBIL Gestor de Carga del Vehículo Eléctrico, S.A.","1","230","IBERDROLA DISTRIBUCION ELECTRICA, S.A."
"VALENCIA/VALÈNCIA","Benaguasil","CALLE REQUENA ,9","ATRIBAL, S.L.","1","230","IBERDROLA DISTRIBUCION ELECTRICA, S.A."
"CIUDAD REAL","Manzanares","CARRETERA N-IV (MADRID-CADIZ) ,K-173","TESLA SPAIN SLU","10","480","UNION FENOSA DISTRIBUCION, S.A."
"MÁLAGA","Fuengirola","AUTOVIA DEL MEDITERRANEO-PARQUE COMERCIAL MIRAMAR ,S/N","Endesa Energía S.A.U.","1","400","ENDESA DISTRIBUCION ELECTRICA, S.L."
"BIZKAIA","Leioa","CALLE METRO LEIOA  ,S/N","IBIL Gestor de Carga del Vehículo Eléctrico, S.A.","2","400230","IBERDROLA DISTRIBUCION ELECTRICA, S.A."
"GIPUZKOA","Arrasate/Mondragón","CALLE MUSAKOLA AUZOA ,S/N","IBIL Gestor de Carga del Vehículo Eléctrico, S.A.","2","400","IBERDROLA DISTRIBUCION ELECTRICA, S.A."
"GIPUZKOA","Arrasate/Mondragón","CALLE GOIRU KALEA ,1","IBIL Gestor de Carga del Vehículo Eléctrico, S.A.","2","400","IBERDROLA DISTRIBUCION ELECTRICA, S.A."
"GRANADA","Cúllar","AUTOVIA A-92 ,SALIDA 356","TESLA MOTORS NETHERLANDS BV","8","480","ENDESA DISTRIBUCION ELECTRICA, S.L."
"GIPUZKOA","Mutriku","CALLE LARANGA AUZOA , 6-PROX 1, BAJO","FENIE ENERGIA SA","1","230","IBERDROLA DISTRIBUCION ELECTRICA, S.A."
"GIPUZKOA","Mutriku","BARRI MAGDALENA ,1","IBIL Gestor de Carga del Vehículo Eléctrico, S.A.","1","230","IBERDROLA DISTRIBUCION ELECTRICA, S.A."
"ASTURIAS","Ribadesella","POLIGONO POLIGONO GUADAMIA, CALLE B ,S/N","EDP COMERCIALIZADORA, S.A.","1","400","HIDROCANTABRICO DISTRIBUCION ELECTRICA, S.A."
"ARABA/ÁLAVA","Vitoria-Gasteiz","BULEVAR SALBURUA ,S/N","IBIL Gestor de Carga del Vehículo Eléctrico, S.A.","2","400","IBERDROLA DISTRIBUCION ELECTRICA, S.A."
"ARABA/ÁLAVA","Vitoria-Gasteiz","CALLE ALBERT EINSTEIN - MIÑANO ,25","IBIL Gestor de Carga del Vehículo Eléctrico, S.A.","2","400","IBERDROLA DISTRIBUCION ELECTRICA, S.A."
"ARABA/ÁLAVA","Vitoria-Gasteiz","CALLE PARKING ARTIUM, PRUDENCIO Mª VERASTEGUI ,1","IBIL Gestor de Carga del Vehículo Eléctrico, S.A.","4","230","IBERDROLA DISTRIBUCION ELECTRICA, S.A."
"ARABA/ÁLAVA","Vitoria-Gasteiz","CALLE JOSE MARDONES ,S/N","IBIL Gestor de Carga del Vehículo Eléctrico, S.A.","3","400230","IBERDROLA DISTRIBUCION ELECTRICA, S.A."
"ARABA/ÁLAVA","Vitoria-Gasteiz","CALLE PORTAL DE ELORRIAGA ,17","IBIL Gestor de Carga del Vehículo Eléctrico, S.A.","1","400","IBERDROLA DISTRIBUCION ELECTRICA, S.A."
"ARABA/ÁLAVA","Vitoria-Gasteiz","CALLE ALTO DE ARMENTIA ,7","IBIL Gestor de Carga del Vehículo Eléctrico, S.A.","2","230","IBERDROLA DISTRIBUCION ELECTRICA, S.A."
"ARABA/ÁLAVA","Vitoria-Gasteiz","PLAZA FRANCISCO JUAN DE AYALA ,1","IBIL Gestor de Carga del Vehículo Eléctrico, S.A.","1","230","IBERDROLA DISTRIBUCION ELECTRICA, S.A."
"ARABA/ÁLAVA","Vitoria-Gasteiz","CALLE HERMANOS LUMIERE (PAR, TECNO. DE VITORIA)   ,11","IBIL Gestor de Carga del Vehículo Eléctrico, S.A.","5","400230","IBERDROLA DISTRIBUCION ELECTRICA, S.A."
"ARABA/ÁLAVA","Vitoria-Gasteiz","PLAZA DEL RENACIMIENTO 1-GA  ,1-GA","IBIL Gestor de Carga del Vehículo Eléctrico, S.A.","5","400230","IBERDROLA DISTRIBUCION ELECTRICA, S.A."
"ARABA/ÁLAVA","Vitoria-Gasteiz","CALLE CERCAS BAJAS ,11","IBIL Gestor de Carga del Vehículo Eléctrico, S.A.","1","230","IBERDROLA DISTRIBUCION ELECTRICA, S.A."
"ARABA/ÁLAVA","Vitoria-Gasteiz","CALLE LUIS HEINTZ ,2","IBIL Gestor de Carga del Vehículo Eléctrico, S.A.","2","230","IBERDROLA DISTRIBUCION ELECTRICA, S.A."
"ARABA/ÁLAVA","Vitoria-Gasteiz","CALLE ORTAL DE GAMARA ,1","IBIL Gestor de Carga del Vehículo Eléctrico, S.A.","2","230","IBERDROLA DISTRIBUCION ELECTRICA, S.A."
"ARABA/ÁLAVA","Vitoria-Gasteiz","PLAZA RIGOBERTA MENCHU ,S/N","IBIL Gestor de Carga del Vehículo Eléctrico, S.A.","5","400230","IBERDROLA DISTRIBUCION ELECTRICA, S.A."
"BURGOS","Burgos","AUTOVIA A-1 ,KM 235","TESLA MOTORS NETHERLANDS BV","6","480","IBERDROLA DISTRIBUCION ELECTRICA, S.A."
"GIPUZKOA","Oñati","CALLE DE ARANTZAZUKO AMA ,25","IBIL Gestor de Carga del Vehículo Eléctrico, S.A.","2","400230","IBERDROLA DISTRIBUCION ELECTRICA, S.A."
"CANTABRIA","Reocín","BARRIO EL  REOCIN S/N ,0","JAVEL OIL CORPORATION S.L","1","400","E.ON DISTRIBUCION, S.L."
"BALEARS, ILLES","Sóller","CARRETERA DESVIAMENT ,30","Endesa Energía S.A.U.","1","400","ENDESA DISTRIBUCION ELECTRICA, S.L."
"MADRID","Galapagar","CARRETERA M-51O ,1,8 ","IBIL Gestor de Carga del Vehículo Eléctrico, S.A.","1","400230","IBERDROLA DISTRIBUCION ELECTRICA, S.A."
"MADRID","Getafe","AVENIDA ADA LOVELACE (DE) ,23","TESLA SPAIN SLU","8","480","IBERDROLA DISTRIBUCION ELECTRICA, S.A."
"GIRONA","Figueres","PLAZA CATALUNYA ,S/N","SABA APARCAMIENTOS S.A.","4","400","ENDESA DISTRIBUCION ELECTRICA, S.L."
"ASTURIAS","Siero","URBANIZACIÓN URB. LA FRESNEDA, LAS CABAÑAS ,S/N","EDP COMERCIALIZADORA, S.A.","1","400","HIDROCANTABRICO DISTRIBUCION ELECTRICA, S.A."
"CANTABRIA","Ruente","BARRIO MECA S/N BAJO 001 UCIEDA ,0","COMBUSTIBLES DEL CANTABRICO SL","1","400","E.ON DISTRIBUCION, S.L."
"MÁLAGA","Málaga","AVENIDA JENOFONTE ,S/N","Endesa Energía S.A.U.","1","400","ENDESA DISTRIBUCION ELECTRICA, S.L."
"MÁLAGA","Málaga","AVENIDA SANTA ROSA DE LIMA ,20","Endesa Energía S.A.U.","1","400","ENDESA DISTRIBUCION ELECTRICA, S.L."
"MÁLAGA","Málaga","CALLE CONCEJAL MUÑOZ CERVAN ,11-17","Endesa Energía S.A.U.","1","400","ENDESA DISTRIBUCION ELECTRICA, S.L."
"MÁLAGA","Málaga","CALLE ALONSO CARRILLO DE ALBORNOZ ,1","Endesa Energía S.A.U.","1","400","ENDESA DISTRIBUCION ELECTRICA, S.L."
"MÁLAGA","Málaga","CALLE ALFONSO PONCE DE LEON ,1","Endesa Energía S.A.U.","1","400","ENDESA DISTRIBUCION ELECTRICA, S.L."
"MÁLAGA","Málaga","AVENIDA ANDALUCIA ,6","Endesa Energía S.A.U.","1","400","ENDESA DISTRIBUCION ELECTRICA, S.L."
"MÁLAGA","Málaga","CALLE CERVANTES ,S/N","SOCIEDAD MUNICIPAL DE APARCAMIENTOS Y SERVICIOS SA","1","240","ENDESA DISTRIBUCION ELECTRICA, S.L."
"MÁLAGA","Málaga","PLAZA LA MARINA ,1","SOCIEDAD MUNICIPAL DE APARCAMIENTOS Y SERVICIOS SA","1","240","ENDESA DISTRIBUCION ELECTRICA"
"MÁLAGA","Málaga","CALLE COMPOSITOR LEHMBERG RUIZ ,S/N","SOCIEDAD MUNICIPAL DE APARCAMIENTOS Y SERVICIOS SA","1","240","ENDESA DISTRIBUCION ELECTRICA, S.L."
"MÁLAGA","Málaga","PLAZA JESÚS EL RICO ,2-3","SOCIEDAD MUNICIPAL DE APARCAMIENTOS Y SERVICIOS SA","3","240","ENDESA DISTRIBUCION ELECTRICA, S.L."
"MÁLAGA","Málaga","AVENIDA SANTA ROSA DE LIMA ,S/N","SOCIEDAD MUNICIPAL DE APARCAMIENTOS Y SERVICIOS SA","2","240","ENDESA DISTRIBUCION ELECTRICA, S.L."
"MÁLAGA","Málaga","CALLE CAMAS ,S/N","SOCIEDAD MUNICIPAL DE APARCAMIENTOS Y SERVICIOS SA","1","240","ENDESA DISTRIBUCION ELECTRICA, S.L."
"MÁLAGA","Málaga","AVENIDA ANDALUCIA ,S/N","SOCIEDAD MUNICIPAL DE APARCAMIENTOS Y SERVICIOS SA","5","240","ENDESA DISTRIBUCION ELECTRICA, S.L."
"MADRID","Guadarrama","CALLE JARA ,12","ANTIS GUADARRAMA S.L","1","400","IBERDROLA DISTRIBUCION ELECTRICA, S.A."
"GIPUZKOA","Donostia-San Sebastián","CALLE ARCCO AMARA PLAZA IRÚN ,S/N","IBIL Gestor de Carga del Vehículo Eléctrico, S.A.","2","400","IBERDROLA DISTRIBUCION ELECTRICA, S.A."
"GIPUZKOA","Donostia-San Sebastián","CALLE DOKTOR BEGIRISTAIN PASEALEKUA ,107","IBIL Gestor de Carga del Vehículo Eléctrico, S.A.","9","400","IBERDROLA DISTRIBUCION ELECTRICA, S.A."
"GIPUZKOA","Donostia-San Sebastián","PASEO MIKELETEGI ,53","IBIL Gestor de Carga del Vehículo Eléctrico, S.A.","2","400","IBERDROLA DISTRIBUCION ELECTRICA, S.A."
"GIPUZKOA","Donostia-San Sebastián","CALLE ELIAS SALABERRIA ,1","IBIL Gestor de Carga del Vehículo Eléctrico, S.A.","2","400230","IBERDROLA DISTRIBUCION ELECTRICA, S.A."
"GIPUZKOA","Donostia-San Sebastián","CALLE BERMINGHAM ,23","IBIL Gestor de Carga del Vehículo Eléctrico, S.A.","2","400230","IBERDROLA DISTRIBUCION ELECTRICA, S.A."
"GIPUZKOA","Donostia-San Sebastián","CALLE HERNANI ,S/N","IBIL Gestor de Carga del Vehículo Eléctrico, S.A.","2","400230","IBERDROLA DISTRIBUCION ELECTRICA, S.A."
"GIPUZKOA","Donostia-San Sebastián","CALLE ZARAUTZ ,136","IBIL Gestor de Carga del Vehículo Eléctrico, S.A.","1","400","IBERDROLA DISTRIBUCION ELECTRICA, S.A."
"MÁLAGA","Marbella","PLAZA MONSEÑOR RODRIGO BOCANEGRA ,67","Endesa Energía S.A.U.","1","400","ENDESA DISTRIBUCION ELECTRICA, S.L."
"MÁLAGA","Marbella","CALLE JOSE SARAMAGO ,10","SABA APARCAMIENTOS S.A.","4","400","ENDESA DISTRIBUCION ELECTRICA, S.L."
"ASTURIAS","Tapia de Casariego","POLIGONO POLIGONO CORTAFICIO, CALLE A ,PARCELA 18","EDP COMERCIALIZADORA, S.A.","1","400","E.ON DISTRIBUCION, S.L."
"ASTURIAS","Tapia de Casariego","AVENIDA DE GALICIA ,2","EDP COMERCIALIZADORA, S.A.","1","230","E.ON DISTRIBUCION, S.L."
"RIOJA, LA","Haro","CALLE SANTIAGO ,12","IBIL Gestor de Carga del Vehículo Eléctrico, S.A.","1","400230","IBERDROLA DISTRIBUCION ELECTRICA, S.A."
"BURGOS","Cardeñajimeno","CARRETERA CARRETERA N-120 (LOGROÑO - VIGO), KM. 106 ,106","IBIL Gestor de Carga del Vehículo Eléctrico, S.A.","1","400","IBERDROLA DISTRIBUCION ELECTRICA, S.A."
"MADRID","Leganés","CALLE ARROYO DEL SOTO ,2","ESTACIÓN DE SERVICIO MAVEL, S.L.","1","608040","IBERDROLA DISTRIBUCION ELECTRICA, S.A."
"CANTABRIA","Santander","PASEO PEREDA ,30","E.ON ENERGÍA S.L.","1","230","E.ON DISTRIBUCION, S.L."
"CANTABRIA","Santander","CALLE REAL CONSULADO ,1","E.ON ENERGÍA S.L.","1","230","E.ON DISTRIBUCION, S.L."
"CANTABRIA","Santander","CALLE MANUEL GARCIA LAGO ,1","E.ON ENERGÍA S.L.","1","230","E.ON DISTRIBUCION, S.L."
"CANTABRIA","Santander","CALLE LUCIANO MALUMBRES ,1","E.ON ENERGÍA S.L.","1","230","E.ON DISTRIBUCION, S.L."
"CANTABRIA","Santander","CALLE JERONIMO SAINZ DE LA MAZA ,1","EMPARK APARCAMIENTOS Y SERVICIOS SA","4","400","E.ON DISTRIBUCION, S.L."
"ASTURIAS","Villaviciosa","CARRETERA CARRETERA PLAYA DE RODILES ,S/N","EDP COMERCIALIZADORA, S.A.","2","230","HIDROCANTABRICO DISTRIBUCION ELECTRICA, S.A."
"BIZKAIA","Portugalete","CALLE ALMIRANTE CRISTÓBAL MELLO ,S/N","IBIL Gestor de Carga del Vehículo Eléctrico, S.A.","2","400230","IBERDROLA DISTRIBUCION ELECTRICA, S.A."
"BIZKAIA","Portugalete","CALLE GREGORIO UZQUIANO ,S/N","IBIL Gestor de Carga del Vehículo Eléctrico, S.A.","2","400230","IBERDROLA DISTRIBUCION ELECTRICA, S.A."
"GIRONA","Girona","CALLE FRANCESC FERRER GIRONES ,16","TESLA MOTORS NETHERLANDS BV","4","400","ENDESA DISTRIBUCION ELECTRICA, S.L."
"GIRONA","Girona","CARRER BERENGUER CARNICER ,2","SABA APARCAMIENTOS S.A.","4","400","ENDESA DISTRIBUCION ELECTRICA, S.L."
"GIPUZKOA","Zarautz","CALLE ARABA KALEA ,41","IBIL Gestor de Carga del Vehículo Eléctrico, S.A.","2","400230","IBERDROLA DISTRIBUCION ELECTRICA, S.A."
"GIPUZKOA","Zarautz","CALLE AIZIAZPIA, ABENDAÑO AUZOA ,4","IBIL Gestor de Carga del Vehículo Eléctrico, S.A.","1","400230","IBERDROLA DISTRIBUCION ELECTRICA, S.A."
"MADRID","Madrid","CALLE PADRE DAMIÁN ","NEW BROADBAND NETWORK SOLUTIONS, S.L. (N2S)","3","220","IBERDROLA DISTRIBUCION ELECTRICA, S.A."
"MADRID","Madrid","CALLE ORENSE ","NEW BROADBAND NETWORK SOLUTIONS, S.L. (N2S)","2","220","UNION FENOSA DISTRIBUCION, S.A."
"MADRID","Madrid","AVENIDA CAPITAL DE ESPAÑA ","NEW BROADBAND NETWORK SOLUTIONS, S.L. (N2S)","4","220","UNION FENOSA DISTRIBUCION, S.A."
"MADRID","Madrid","PASEO CASTELLANA ,220","NEW BROADBAND NETWORK SOLUTIONS, S.L. (N2S)","2","220","IBERDROLA DISTRIBUCION ELECTRICA, S.A."
"MADRID","Madrid","CALLE ANTONIO LOPEZ ,8","COMERCIAL SAMA, S.A.","1","400","IBERDROLA DISTRIBUCION ELECTRICA, S.A."
"MADRID","Madrid","PASEO INFANTA ISABEL ,15","RIVELSA, S.L.U.","1","606060","UNION FENOSA DISTRIBUCION, S.A."
"MADRID","Madrid","PLAZA MOSTENSES ,S/N","SABA APARCAMIENTOS S.A.","4","400","UNION FENOSA DISTRIBUCION, S.A."
"MADRID","Madrid","CALLE SAN BERNARDO ,122","IBIL Gestor de Carga del Vehículo Eléctrico, S.A.","1","230","IBERDROLA DISTRIBUCION ELECTRICA, S.A."
"MADRID","Madrid","PASEO CASTELLANA ,52","IBIL Gestor de Carga del Vehículo Eléctrico, S.A.","1","230","UNION FENOSA DISTRIBUCION, S.A."
"MADRID","Madrid","CALLE GOYA ,123","IBIL Gestor de Carga del Vehículo Eléctrico, S.A.","1","230","UNION FENOSA DISTRIBUCION, S.A."
"MADRID","Madrid","PASEO CASTELLANA ,160","IBIL Gestor de Carga del Vehículo Eléctrico, S.A.","1","230","IBERDROLA DISTRIBUCION ELECTRICA, S.A."
"MADRID","Madrid","CALLE MAESTRO ARBOS ,2","IBIL Gestor de Carga del Vehículo Eléctrico, S.A.","5","400230","UNION FENOSA DISTRIBUCION, S.A."
"MADRID","Madrid","CARRETERA CTRA. M-602, KM.13 ,13","IBIL Gestor de Carga del Vehículo Eléctrico, S.A.","1","400","UNION FENOSA DISTRIBUCION, S.A."
"MADRID","Madrid","CALLE CASTELLO ,128","KISHOA S L","1","220","UNION FENOSA DISTRIBUCION, S.A."
"MADRID","Madrid","PLAZA COLÓN ,1","EMPARK APARCAMIENTOS Y SERVICIOS SA","15","400","UNION FENOSA DISTRIBUCION, S.A."
"MADRID","Madrid","CALLE ARTURO SORIA ,320","IBIL Gestor de Carga del Vehículo Eléctrico, S.A.","1","230","UNION FENOSA DISTRIBUCION, S.A."
"MADRID","Madrid","PASEO CASTELLANA ,106","IBIL Gestor de Carga del Vehículo Eléctrico, S.A.","1","230","IBERDROLA DISTRIBUCION ELECTRICA, S.A."
"MADRID","Madrid","CALLE ALFONSO XIII ,2","IBIL Gestor de Carga del Vehículo Eléctrico, S.A.","1","230","IBERDROLA DISTRIBUCION ELECTRICA, S.A."
"MADRID","Madrid","CALLE CHULAPOS ,1","IBIL Gestor de Carga del Vehículo Eléctrico, S.A.","1","230","IBERDROLA DISTRIBUCION ELECTRICA, S.A."
"MADRID","Madrid","CALLE MEDINA DE POMAR ,22","ELECTRIC CHARGE SPAIN","1","12","UNION FENOSA DISTRIBUCION, S.A."
"MADRID","Madrid","AVENIDA MANOTERAS ,34","ESTACION DE SERVICIO DE SAN ANTONIO S.L.","1","400","IBERDROLA DISTRIBUCION ELECTRICA, S.A."
"MADRID","Madrid","CALLE GOYA ,2","EMPRESA MUNICIPAL DE TRANSPORTES DE MADRID SA","2","380","UNION FENOSA DISTRIBUCION, S.A."
"MADRID","Madrid","PLAZA JACINTO BENAVENTE ,2","EMPRESA MUNICIPAL DE TRANSPORTES DE MADRID SA","1","380","IBERDROLA DISTRIBUCION ELECTRICA, S.A."
"MADRID","Madrid","PLAZA MARQUES DE SALAMANCA ,6","EMPRESA MUNICIPAL DE TRANSPORTES DE MADRID SA","1","380","IBERDROLA DISTRIBUCION ELECTRICA, S.A."
"MADRID","Madrid","PLAZA DUQUE DE PASTRANA ,5","EMPRESA MUNICIPAL DE TRANSPORTES DE MADRID SA","1","380","IBERDROLA DISTRIBUCION ELECTRICA, S.A."
"MADRID","Madrid","CALLE VIA DE LOS POBLADOS ,17","GESTIÓN INTELIGENTE DE CARGAS, S.L.","2","400","UNION FENOSA DISTRIBUCION, S.A."
"MADRID","Madrid","AVENIDA MACHUPICHU ,5","GESTIÓN INTELIGENTE DE CARGAS, S.L.","3","400","UNION FENOSA DISTRIBUCION, S.A."
"MADRID","Madrid","AVENIDA MANOTERAS ,28","GESTIÓN INTELIGENTE DE CARGAS, S.L.","2","230","IBERDROLA DISTRIBUCION ELECTRICA, S.A."
"MADRID","Madrid","CALLE AGASTIA ,31","GESTIÓN INTELIGENTE DE CARGAS, S.L.","1","230","UNION FENOSA DISTRIBUCION, S.A."
"MADRID","Madrid","CALLE RAVENA ,22","GESTIÓN INTELIGENTE DE CARGAS, S.L.","1","230","UNION FENOSA DISTRIBUCION, S.A."
"MADRID","Madrid","CALLE TORRELAGUNA ,79","ENGIE ESPAÑA SL","1","400 ","Gas natural Fenosa"
"MADRID","Madrid","CALLE GENOVA ,24","GESTIÓN INTELIGENTE DE CARGAS, S.L.","2","230","UNION FENOSA DISTRIBUCION, S.A."
"MADRID","Madrid","PLAZA LEALTAD ,3","GESTIÓN INTELIGENTE DE CARGAS, S.L.","2","230","UNION FENOSA DISTRIBUCION, S.A."
"MADRID","Madrid","PASEO CASTELLANA ,33","GESTIÓN INTELIGENTE DE CARGAS, S.L.","2","230","UNION FENOSA DISTRIBUCION, S.A."
"MADRID","Madrid","CALLE CERRO DE LA PLATA ,4","GESTIÓN INTELIGENTE DE CARGAS, S.L.","2","230","UNION FENOSA DISTRIBUCION, S.A."
"MADRID","Madrid","CALLE GOYA ,36","GESTIÓN INTELIGENTE DE CARGAS, S.L.","2","230","UNION FENOSA DISTRIBUCION, S.A."
"MADRID","Madrid","RONDA VALENCIA ,3","GESTIÓN INTELIGENTE DE CARGAS, S.L.","2","230","IBERDROLA DISTRIBUCION ELECTRICA, S.A."
"MADRID","Madrid","CALLE BUESO PINEDA ,29","GESTIÓN INTELIGENTE DE CARGAS, S.L.","2","230","UNION FENOSA DISTRIBUCION, S.A."
"MADRID","Madrid","CALLE CASTELLO ,103","GESTIÓN INTELIGENTE DE CARGAS, S.L.","2","230","UNION FENOSA DISTRIBUCION, S.A."
"MADRID","Madrid","CALLE MANUEL SILVELA ,16","GESTIÓN INTELIGENTE DE CARGAS, S.L.","2","230","UNION FENOSA DISTRIBUCION, S.A."
"MADRID","Madrid","CALLE SANTA ENGRACIA ,115","GESTIÓN INTELIGENTE DE CARGAS, S.L.","2","230","IBERDROLA DISTRIBUCION ELECTRICA, S.A."
"MADRID","Madrid","CALLE CARDENAL MARCELO SPINOLA ,10","GESTIÓN INTELIGENTE DE CARGAS, S.L.","2","230","IBERDROLA DISTRIBUCION ELECTRICA, S.A."
"MADRID","Madrid","PASEO CASTELLANA ,257","GESTIÓN INTELIGENTE DE CARGAS, S.L.","2","230","IBERDROLA DISTRIBUCION ELECTRICA, S.A."
"MADRID","Majadahonda","CARRETERA M-516 ,7,3","GESDEGAS, S.L.","1","400","UNION FENOSA DISTRIBUCION, S.A."
"MADRID","Majadahonda","CARRETERA M-516 ,0,5","ESTACION DE SERVICIO DE SAN ANTONIO S.L.","1","400","IBERDROLA DISTRIBUCION ELECTRICA, S.A."
"MADRID","Majadahonda","CARRETERA PIZARRA-ÁLORA  ,S/N","IBIL Gestor de Carga del Vehículo Eléctrico, S.A.","1","230","IBERDROLA DISTRIBUCION ELECTRICA, S.A."
"ZARAGOZA","Cetina","AUTOPISTA A-2 MADRID-BARCEONA ,200","IBERDROLA CLIENTES SOCIEDAD ANONIMA","3","400","ENDESA DISTRIBUCION ELECTRICA, S.L."
"VALENCIA/VALÈNCIA","Canet d'En Berenguer","AVENIDA MEDITERRANEO ,16","IBERDROLA CLIENTES SOCIEDAD ANONIMA","3","400","IBERDROLA DISTRIBUCION ELECTRICA, S.A."
"BADAJOZ","Mérida","CALLE BILBAO ,1","TESLA SPAIN SLU","10","480","ENDESA DISTRIBUCION ELECTRICA, S.L."
"BIZKAIA","Sopelana","CALLE LOIOLA ANDER DEUNA ,149","Efimob Efficient Solutions SL","2","230","IBERDROLA DISTRIBUCION ELECTRICA, S.A."
"NAVARRA","Valle de Egüés/Eguesibar","AVENIDA CIUDAD DE LA INNOVACION ,5","Acciona Eficiencia Energética, S.L.","2","400230","IBERDROLA DISTRIBUCION ELECTRICA, S.A."
"GRANADA","Granada","CARRETERA N-432 ,436","MERCADOS CENTRALES DE ABASTECIMIENTO SA","6","7400","ENDESA DISTRIBUCION ELECTRICA, S.L."
"BARCELONA","Garriga (La)","CARRETERA NOVA ,S/N","ESTABANELL Y PAHISA MERCATOR, S.A.","2","230","ESTABANELL Y PAHISA ENERGIA, S.A."
"RIOJA, LA","Logroño","AVENIDA DE BURGOS ,49","IBERDROLA CLIENTES SOCIEDAD ANONIMA","3","400","IBERDROLA DISTRIBUCION ELECTRICA, S.A."
"SEVILLA","Sevilla","AVENIDA SANTA CLARA DE CUBA ,S/N","IBIL Gestor de Carga del Vehículo Eléctrico, S.A.","1","400230","ENDESA DISTRIBUCION ELECTRICA, S.L."
"SEVILLA","Sevilla","CALLE INCA GARCILASO ,1","IBERDROLA CLIENTES SOCIEDAD ANONIMA","2","400","ENDESA DISTRIBUCION ELECTRICA, S.L."
"MADRID","Móstoles","CARRETERA M856 ,ENLACE N-V Y N-501","IBIL Gestor de Carga del Vehículo Eléctrico, S.A.","1","400","IBERDROLA DISTRIBUCION ELECTRICA, S.A."
"MADRID","Móstoles","AVENIDA CÁMARA DE LA INDUSTRIA  ,7-1","IBIL Gestor de Carga del Vehículo Eléctrico, S.A.","1","400230","IBERDROLA DISTRIBUCION ELECTRICA, S.A."
"GIRONA","Lloret de Mar","AVENIDA ALEGRIES ,89","CAN TAULINA SOCIEDAD LIMITADA","2","400","ENDESA DISTRIBUCION ELECTRICA, S.L."
"BARCELONA","Granollers","CALLE REC ,28","ESTABANELL Y PAHISA MERCATOR, S.A.","2","230","ESTABANELL Y PAHISA ENERGIA, S.A."
"BARCELONA","Granollers","CALLE REC ,28","ESTABANELL Y PAHISA MERCATOR, S.A.","2","230","ESTABANELL Y PAHISA ENERGIA, S.A."
"BIZKAIA","Zalla","CALLE LA PERENAL ,1","GLOBAL EFFICIENCY ARANGUREN SL","2","30","IBERDROLA DISTRIBUCION ELECTRICA, S.A."
"BIZKAIA","Zalla","BARRIO EL BAULAR  ,S/N","IBIL Gestor de Carga del Vehículo Eléctrico, S.A.","2","400230","IBERDROLA DISTRIBUCION ELECTRICA, S.A."
"NAVARRA","Estella/Lizarra","CALLE CARLOS VII ,22","IBERDROLA CLIENTES SOCIEDAD ANONIMA","3","400","IBERDROLA DISTRIBUCION ELECTRICA, S.A."
"ZARAGOZA","Épila","CARRETERA A-2 ,KM 285","GAMMA SOLUTIONS SL","1","15000","ENDESA DISTRIBUCION ELECTRICA, S.L."
"BARCELONA","Hospitalet de Llobregat (L')","CALLE FRANCESC MACIA I LLUS ,S/N","REGESA APARCAMENTS I SERVEIS, S.A.","2","230400","ENDESA DISTRIBUCION ELECTRICA, S.L."
"BARCELONA","Hospitalet de Llobregat (L')","CALLE CIENCIES ,77","DRIVETHECITY, S.L.","1","230","ENDESA DISTRIBUCION ELECTRICA, S.L."
"CÁCERES","Jarilla","CARRETERA NACIONAL 630 ,449","SFERAONE SOLUTIONS Y SERVICES SL","1","13200","ELECTRICA DEL OESTE DISTRIBUCION, S.L.U."
"BARCELONA","Manresa","CALLE AGUSTI COLL ,18","IBERDROLA CLIENTES SOCIEDAD ANONIMA","3","400","ENDESA DISTRIBUCION ELECTRICA, S.L."
"SORIA","Medinaceli","AUTOVIA A-2 ,154","GAMMA SOLUTIONS SL","1","400","UNION FENOSA DISTRIBUCION, S.A."
"LEÓN","Ponferrada","CARRETERA FABERO, 0086 SE RV IC ,86","IBERDROLA CLIENTES SOCIEDAD ANONIMA","2","230","UNION FENOSA DISTRIBUCION, S.A."
"MADRID","Pozuelo de Alarcón","CALLE SAN JUAN DE LA CRUZ ,2","IBIL Gestor de Carga del Vehículo Eléctrico, S.A.","1","400230","IBERDROLA DISTRIBUCION ELECTRICA, S.A."
"MADRID","Pozuelo de Alarcón","CALLE EXTREMADURA ,3","IBIL Gestor de Carga del Vehículo Eléctrico, S.A.","3","400230","IBERDROLA DISTRIBUCION ELECTRICA, S.A."
"VALENCIA/VALÈNCIA","Eliana (l')","CALLE LA PUEBLA LARGA ,18","IBERDROLA CLIENTES SOCIEDAD ANONIMA","2","400","IBERDROLA DISTRIBUCION ELECTRICA, S.A."
"ALICANTE/ALACANT","Sant Joan d'Alacant","CARRETERA DE VALENCIA ,1","ABRIL, S.A.U.","1","848494","IBERDROLA DISTRIBUCION ELECTRICA, S.A."
"LLEIDA","Lleida","CALLE DE LA VARIANT ,S/N","TESLA MOTORS NETHERLANDS BV","6","480","ENDESA DISTRIBUCION ELECTRICA, S.L."
"PALENCIA","Palencia","AVENIDA DE ASTURIAS ,38","IBIL Gestor de Carga del Vehículo Eléctrico, S.A.","1","400","IBERDROLA DISTRIBUCION ELECTRICA, S.A."
"BARCELONA","Mataró","PLAZA SANTA ANNA ,S/N","SABA APARCAMIENTOS S.A.","4","400","ENDESA DISTRIBUCION ELECTRICA, S.L."
"TARRAGONA","Reus","CALLE ARGENTERA ,25","ETECNIC MOVILIDAD ELECTRICA SRL","2","400","ENDESA DISTRIBUCION ELECTRICA, S.L."
"CÁCERES","Navalmoral de la Mata","CARRETERA A-5 ,182","SFERAONE SOLUTIONS Y SERVICES SL","1","20000","IBERDROLA DISTRIBUCION ELECTRICA, S.A."
"NAVARRA","Iza","AUTOPISTA A15 - ZUASTI ,102","IBIL Gestor de Carga del Vehículo Eléctrico, S.A.","1","400","IBERDROLA DISTRIBUCION ELECTRICA, S.A."
"VALENCIA/VALÈNCIA","Godella","AVENIDA ALMENDROS LOS ,28","ELOENERGY MOBILITY SOCIEDAD LIMITADA","1","4","IBERDROLA DISTRIBUCION ELECTRICA, S.A."
"GRANADA","Moraleda de Zafayona","POLIGONO 5 ,PARCELA 19","TESLA SPAIN SLU","10","480","DISTRIBUIDORA ELECTRICA LOS BERMEJALES, S.A."
"LLEIDA","Montellà i Martinet","CALLE CAMÍ DE MONTELLÀ CRUCE CON LA CALLE DEL SEGRE ,S/N","HIDROELECTRICA DEL VALIRA SL","2","400","PRODUCTORA ELECTRICA URGELENSE, S.A. (PEUSA)"
"BADAJOZ","Valverde de Leganés","PLAZA LLANO DEL LAGAR ,8","SFERAONE SOLUTIONS Y SERVICES SL","1","230","ENDESA DISTRIBUCION ELECTRICA, S.L."
"TARRAGONA","Tarragona","AUTOVIA T-11 ","PROMOCIONES BLAUMAR, S.A.","1","400","ENDESA DISTRIBUCION ELECTRICA, S.L."
"BURGOS","Gumiel de Izán","CARRETERA A-1 ,168","SFERAONE SOLUTIONS Y SERVICES SL","1","20000","IBERDROLA DISTRIBUCION ELECTRICA, S.A."
"MADRID","Valdemoro","CALLE CHAMBERI DE ,16, NAVE 21","ARMARIOS DE DISTRIBUCION Y CONTROL SL","1","230","IBERDROLA DISTRIBUCION ELECTRICA, S.A."
"MADRID","Valdemoro","CALLE DALÍ ,9 PORTAL 9-42","IBIL Gestor de Carga del Vehículo Eléctrico, S.A.","1","230","IBERDROLA DISTRIBUCION ELECTRICA, S.A."
"BARCELONA","Pineda de Mar","CALLE CARLES I ,10","ESSER PINEDA SL","1","400","ENDESA DISTRIBUCION ELECTRICA, S.L."
"VALLADOLID","Tordesillas","URBANIZACIÓN MONTICO ,NDUP-A","TESLA SPAIN SLU","8","480","IBERDROLA DISTRIBUCION ELECTRICA, S.A."
"VALENCIA/VALÈNCIA","Museros","CARRETERA BARCELONA ,9,800","IBIL Gestor de Carga del Vehículo Eléctrico, S.A.","1","400230","IBERDROLA DISTRIBUCION ELECTRICA, S.A."
"BARCELONA","Ripollet","CALLE PIZARRO ,41","ELECTRIC PARKING SOLUTIONS S.L.","1","40020130","ENDESA DISTRIBUCION ELECTRICA, S.L."
"SEGOVIA","San Ildefonso","CALLE PUERTAS NUEVAS  ,1","EMPRESA DE SUMINISTROS ENERGETICOS DEL NOROESTE SL","1","400","UNION FENOSA DISTRIBUCION, S.A."
"BARCELONA","Rubí","POLIGONO CAN PI VILAROC ,14","IBERDROLA CLIENTES SOCIEDAD ANONIMA","2","400","ENDESA DISTRIBUCION ELECTRICA, S.L."
"VALENCIA/VALÈNCIA","Ontinyent","AVENIDA DEL TEXTEL ,67","FENIE ENERGIA SA","1","230","IBERDROLA DISTRIBUCION ELECTRICA, S.A."
"VALLADOLID","Valladolid","CARRETERA MADRID ,46","GESTIÓN INTELIGENTE DE CARGAS, S.L.","1","400","ANSELMO LEON DISTRIBUCION, S.L."
"VALLADOLID","Valladolid","AVENIDA EURO ,7","CENTROLID SA","8","400","IBERDROLA DISTRIBUCION ELECTRICA, S.A."
"VALLADOLID","Valladolid","CAMINO VIEJO DE SIMANCAS ,46","IBIL Gestor de Carga del Vehículo Eléctrico, S.A.","1","400","IBERDROLA DISTRIBUCION ELECTRICA, S.A."
"BARCELONA","Sabadell","AVENIDA CONCORDIA ,1","IBERDROLA CLIENTES SOCIEDAD ANONIMA","3","400","ENDESA DISTRIBUCION ELECTRICA, S.L."
"BARCELONA","Sabadell","CALLE COLOM ,2","SABA APARCAMIENTOS S.A.","4","400","ENDESA DISTRIBUCION ELECTRICA, S.L."
"VALENCIA/VALÈNCIA","Paterna","AVENIDA LEONARDO DA VINCI ,S/N","TESLA MOTORS NETHERLANDS BV","4","480","Iberdrola Distribución"
"VALENCIA/VALÈNCIA","Paterna","CARRETERA VALENCIA ADEMUZ ,7","EDP COMERCIALIZADORA, S.A.","1","400","HIDROCANTABRICO DISTRIBUCION ELECTRICA, S.A."
"SEGOVIA","Segovia","POLIGONO EL CERRO, CARRETERA MADRID  ,S/N","IBIL Gestor de Carga del Vehículo Eléctrico, S.A.","2","400230","UNION FENOSA DISTRIBUCION, S.A."
"CÁCERES","Valdefuentes","PLAZUELA DEL CONVENTO ,S/N","SFERAONE SOLUTIONS Y SERVICES SL","1","230","ELECTRICA DEL OESTE DISTRIBUCION, S.L.U."
"NAVARRA","Pamplona/Iruña","CALLE BLAS DE LA SERNA ,6","Acciona Eficiencia Energética, S.L.","1","230","IBERDROLA DISTRIBUCION ELECTRICA, S.A."
"NAVARRA","Pamplona/Iruña","AVENIDA SAN IGNACIO / SAN IGNAZIO ETORBIDEA ,10","Acciona Eficiencia Energética, S.L.","1","230","IBERDROLA DISTRIBUCION ELECTRICA, S.A."
"NAVARRA","Pamplona/Iruña","CALLE ARCADIO MARÍA LARRAONA ,1","IBERDROLA SERVICIOS ENERGÉTICOS, S.A.U.","1","230","IBERDROLA DISTRIBUCION ELECTRICA, S.A."
"NAVARRA","Pamplona/Iruña","CALLE ESQUIROZ ,10","IBERDROLA SERVICIOS ENERGÉTICOS, S.A.U.","2","230","IBERDROLA DISTRIBUCION ELECTRICA, S.A."
"NAVARRA","Pamplona/Iruña","AVENIDA SAN IGNACIO ,10BIS BAJO","IBERDROLA SERVICIOS ENERGÉTICOS, S.A.U.","1","230","IBERDROLA DISTRIBUCION ELECTRICA, S.A."
"NAVARRA","Pamplona/Iruña","AVENIDA JUAN PABLO II ,4 BAJO 2","IBERDROLA SERVICIOS ENERGÉTICOS, S.A.U.","1","400","IBERDROLA DISTRIBUCION ELECTRICA, S.A."
"NAVARRA","Pamplona/Iruña","CARRETERA SAN SEBASTIAN ,1","IBIL Gestor de Carga del Vehículo Eléctrico, S.A.","2","400230","IBERDROLA DISTRIBUCION ELECTRICA, S.A."
"NAVARRA","Pamplona/Iruña","PLAZA DEL CASTILLO ,S/N","SABA APARCAMIENTOS S.A.","4","400","IBERDROLA DISTRIBUCION ELECTRICA, S.A."
"LLEIDA","Seu d'Urgell (La)","PASEO PASEO DE JOAN BRUDIEU CRUCE CON EL PASAJE ALSINA ,S/N","HIDROELECTRICA DEL VALIRA SL","2","400","PRODUCTORA ELECTRICA URGELENSE, S.A. (PEUSA)"
"LLEIDA","Seu d'Urgell (La)","CALLE CALLE DEL BISBE BENLLOCH CRUCE CON CAMÍ CLOS ,S/N","HIDROELECTRICA DEL VALIRA SL","2","400","PRODUCTORA ELECTRICA URGELENSE, S.A. (PEUSA)"
"CUENCA","Tébar","CARRETERA A3 ,186","GAMMA SOLUTIONS SL","1","20000","IBERDROLA DISTRIBUCION ELECTRICA, S.A."
"BARCELONA","Sant Cugat del Vallès","CAMINO CAN CAMPS ,11","TESLA SPAIN SLU","12","480","ENDESA DISTRIBUCION ELECTRICA, S.L."
"BURGOS","Medina de Pomar","CALLE MERINDAD DE MONTIJA  EN  MEDINA DE POMAR ,11","ADURIZ ENERGIA SL","1","400","ADURIZ DISTRIBUCION SLU"
"VALENCIA/VALÈNCIA","Riba-roja de Túria","CARRETERA REVA ,2","ESTACION DE SERVICIO ALZ S.L.","1","400","IBERDROLA DISTRIBUCION ELECTRICA, S.A."
"BURGOS","Milagros","AUTOVIA A1 ,53","SFERAONE SOLUTIONS Y SERVICES SL","1","20000","IBERDROLA DISTRIBUCION ELECTRICA, S.A."
"NAVARRA","Tudela","CARRETERA ZARAGOZA ,S/N","IBIL Gestor de Carga del Vehículo Eléctrico, S.A.","2","400230","IBERDROLA DISTRIBUCION ELECTRICA, S.A."
"NAVARRA","Tudela","CARRETERA CORELLA ,28","IBERDROLA CLIENTES SOCIEDAD ANONIMA","3","400","IBERDROLA DISTRIBUCION ELECTRICA, S.A."
"VALENCIA/VALÈNCIA","València","AVENIDA PRIMADO REIG ,76","FRANCISCO RIPOLL S.L.","1","400","IBERDROLA DISTRIBUCION ELECTRICA, S.A."
"VALENCIA/VALÈNCIA","València","AVENIDA ARAGON ,30","IBERDROLA CLIENTES SOCIEDAD ANONIMA","2","400","IBERDROLA DISTRIBUCION ELECTRICA, S.A."
"ZAMORA","Zamora","AVENIDA CARDENAL CISNEROS ,S/N","IBIL Gestor de Carga del Vehículo Eléctrico, S.A.","2","400230","IBERDROLA DISTRIBUCION ELECTRICA, S.A."
"BARCELONA","Terrassa","CALLE MIÑO ,112","SOCIEDAD ESPAÑOLA DE CONSTRUCCIONES ELECTRICAS SA","1","400","ENDESA DISTRIBUCION ELECTRICA, S.L."
"BARCELONA","Tona","CARRETERA MANRESA ,2","ESTABANELL Y PAHISA MERCATOR, S.A.","2","230","ESTABANELL Y PAHISA ENERGIA, S.A."
"ZARAGOZA","Zaragoza","AUTOVIA LOGROÑO ,300","ZOILO RIOS, S.A.","1","400","ENDESA ENERGIA, S.A.U."
"ZARAGOZA","Zaragoza","POLIGONO 122 ,PARCELA 6","TESLA SPAIN SLU","10","480","ENDESA DISTRIBUCION ELECTRICA, S.L."
"ZARAGOZA","Zaragoza","AVENIDA CASABLANCA (VIA PARQUE ,11","IBIL Gestor de Carga del Vehículo Eléctrico, S.A.","1","400","ENDESA DISTRIBUCION ELECTRICA, S.L."
"ZARAGOZA","Zaragoza","CALLE CAMINO DE LAS TORRES ,4","IBIL Gestor de Carga del Vehículo Eléctrico, S.A.","1","230","ENDESA DISTRIBUCION ELECTRICA, S.L."
"ZARAGOZA","Zaragoza","CALLE RAMÓN PIGNATELLI  ,128","IBIL Gestor de Carga del Vehículo Eléctrico, S.A.","10","400","ENDESA DISTRIBUCION ELECTRICA, S.L."
"ZARAGOZA","Zaragoza","CALLE RAMÓN Y CAJAL  ,58","IBIL Gestor de Carga del Vehículo Eléctrico, S.A.","2","230","ENDESA DISTRIBUCION ELECTRICA, S.L."
"ZARAGOZA","Zaragoza","CALLE DOCTOR FLEMING ,2","IBIL Gestor de Carga del Vehículo Eléctrico, S.A.","1","230","ENDESA DISTRIBUCION ELECTRICA, S.L."
"ZARAGOZA","Zaragoza","CALLE PEDRO JOAQUÍN SOLER ,28","IBIL Gestor de Carga del Vehículo Eléctrico, S.A.","1","230","ENDESA DISTRIBUCION ELECTRICA, S.L."
"ZARAGOZA","Zaragoza","PARQUE PARQUE MACANAZ ,S/N","IBIL Gestor de Carga del Vehículo Eléctrico, S.A.","1","400","ENDESA DISTRIBUCION ELECTRICA, S.L."
"ZARAGOZA","Zaragoza","PLAZA ARAGON ,10","IBERDROLA CLIENTES SOCIEDAD ANONIMA","1","230","ENDESA DISTRIBUCION ELECTRICA, S.L."
"BARCELONA","Vic","PLAZA MAJOR ,4","SABA APARCAMIENTOS S.A.","4","400","ENDESA DISTRIBUCION ELECTRICA, S.L."
"BARCELONA","Vilafranca del Penedès","PLAZA DEL PENEDÉS ,S/N","SABA APARCAMIENTOS S.A.","4","400","ENDESA DISTRIBUCION ELECTRICA, S.L."
"SALAMANCA","Terradillos","PASEO DE PONIENTE ,S/N","SFERAONE SOLUTIONS Y SERVICES SL","1","230","IBERDROLA DISTRIBUCION ELECTRICA, S.A."
"BIZKAIA","Derio","CALLE AEROPUERTO CARLOS HAYA ,4 PI BAJO PT 1","ESTACION DE SERVICIO AMUNAGA SL","1","400","IBERDROLA DISTRIBUCION ELECTRICA, S.A."
"BIZKAIA","Derio","BARRIO SAN CRISTOBAL AUZOA, 36, BAJO PR DERIO - BIZKAIA ,CTRA- BI 3715, ","IBIL Gestor de Carga del Vehículo Eléctrico, S.A.","1","400","IBERDROLA DISTRIBUCION ELECTRICA, S.A."
"TARRAGONA","Aldea (L')","POLIGONO ESTACION DE MERCADERIAS ,S/N","TESLA MOTORS NETHERLANDS BV","6","480","ENDESA DISTRIBUCION ELECTRICA, S.L."
"BIZKAIA","Zamudio","CALLE PARQUE TECNOLÓGICO ZAMUDIO ,EDIFICIO 210","IBIL Gestor de Carga del Vehículo Eléctrico, S.A.","1","230","IBERDROLA DISTRIBUCION ELECTRICA, S.A."
"BIZKAIA","Zamudio","CALLE PARQUE TECNOLÓGICO ZAMUDIO (KANALA BIDEA EDIFICIO 101) ,S/N","IBIL Gestor de Carga del Vehículo Eléctrico, S.A.","2","400","IBERDROLA DISTRIBUCION ELECTRICA, S.A."
"HUESCA","Aínsa-Sobrarbe","CALLE PINETA ,4","APOLOCUATRO, SL","1","400","Unión Fenosa"
